{
  "project_info": {
    "project_number": "615477680904",
    "project_id": "bluetoothwp",
    "storage_bucket": "bluetoothwp.appspot.com"
  },
  "client": [
    {
      "client_info": {
        "mobilesdk_app_id": "1:615477680904:android:9cb73755deb560fd046abd",
        "android_client_info": {
          "package_name": "com.mycompany.bluetoothwp"
        }
      },
      "oauth_client": [],
      "api_key": [
        {
          "current_key": "AIzaSyDyFzuB76z2Mm58kjWf6bfVAtbd2LyOQOA"
        }
      ],
      "services": {
        "appinvite_service": {
          "other_platform_oauth_client": []
        }
      }
    }
  ],
  "configuration_version": "1"
}